{
    "SUN397": [
        {
            "acc/test/SUN397": 0.62261962890625,
            "loss/test/SUN397": 1.4656943082809448,
            "normalized_acc/test/SUN397": 0.8315278887748718
        }
    ],
    "Cars": [
        {
            "acc/test/Cars": 0.5707001686096191,
            "loss/test/Cars": 1.629717230796814,
            "normalized_acc/test/Cars": 0.7150202989578247
        }
    ],
    "RESISC45": [
        {
            "acc/test/RESISC45": 0.6765079498291016,
            "loss/test/RESISC45": 1.2352254390716553,
            "normalized_acc/test/RESISC45": 0.70986008644104
        }
    ],
    "EuroSAT": [
        {
            "acc/test/EuroSAT": 0.8255555629730225,
            "loss/test/EuroSAT": 0.5573896169662476,
            "normalized_acc/test/EuroSAT": 0.8317164182662964
        }
    ],
    "SVHN": [
        {
            "acc/test/SVHN": 0.8234865069389343,
            "loss/test/SVHN": 0.5684990286827087,
            "normalized_acc/test/SVHN": 0.8518915772438049
        }
    ],
    "GTSRB": [
        {
            "acc/test/GTSRB": 0.7740300893783569,
            "loss/test/GTSRB": 0.8377360105514526,
            "normalized_acc/test/GTSRB": 0.7823929786682129
        }
    ],
    "MNIST": [
        {
            "acc/test/MNIST": 0.9918000102043152,
            "loss/test/MNIST": 0.0380474217236042,
            "normalized_acc/test/MNIST": 0.9972850680351257
        }
    ],
    "DTD": [
        {
            "acc/test/DTD": 0.5388298034667969,
            "loss/test/DTD": 1.8173582553863525,
            "normalized_acc/test/DTD": 0.6891156435012817
        }
    ],
    "Flowers102": [
        {
            "acc/test/Flowers102": 0.5688729882240295,
            "loss/test/Flowers102": 2.0508503913879395,
            "normalized_acc/test/Flowers102": 0.6330075860023499
        }
    ],
    "PCAM": [
        {
            "acc/test/PCAM": 0.831390380859375,
            "loss/test/PCAM": 0.40310394763946533,
            "normalized_acc/test/PCAM": 0.9638081192970276
        }
    ],
    "FER2013": [
        {
            "acc/test/FER2013": 0.6217609643936157,
            "loss/test/FER2013": 1.2336362600326538,
            "normalized_acc/test/FER2013": 0.8721907734870911
        }
    ],
    "OxfordIIITPet": [
        {
            "acc/test/OxfordIIITPet": 0.8391932249069214,
            "loss/test/OxfordIIITPet": 0.5358607172966003,
            "normalized_acc/test/OxfordIIITPet": 0.9053219556808472
        }
    ],
    "STL10": [
        {
            "acc/test/STL10": 0.9351249933242798,
            "loss/test/STL10": 0.27544528245925903,
            "normalized_acc/test/STL10": 0.9586109519004822
        }
    ],
    "CIFAR100": [
        {
            "acc/test/CIFAR100": 0.6532999873161316,
            "loss/test/CIFAR100": 1.511643886566162,
            "normalized_acc/test/CIFAR100": 0.7512649297714233
        }
    ],
    "CIFAR10": [
        {
            "acc/test/CIFAR10": 0.9253000020980835,
            "loss/test/CIFAR10": 0.28249695897102356,
            "normalized_acc/test/CIFAR10": 0.9487336874008179
        }
    ],
    "Food101": [
        {
            "acc/test/Food101": 0.718772292137146,
            "loss/test/Food101": 1.1924803256988525,
            "normalized_acc/test/Food101": 0.8354354500770569
        }
    ],
    "FashionMNIST": [
        {
            "acc/test/FashionMNIST": 0.8687999844551086,
            "loss/test/FashionMNIST": 0.4295267164707184,
            "normalized_acc/test/FashionMNIST": 0.9226847290992737
        }
    ],
    "EMNIST": [
        {
            "acc/test/EMNIST": 0.9929999709129333,
            "loss/test/EMNIST": 0.03367191180586815,
            "normalized_acc/test/EMNIST": 0.9984917044639587
        }
    ],
    "KMNIST": [
        {
            "acc/test/KMNIST": 0.6608999967575073,
            "loss/test/KMNIST": 1.2539453506469727,
            "normalized_acc/test/KMNIST": 0.6734943389892578
        }
    ],
    "RenderedSST2": [
        {
            "acc/test/RenderedSST2": 0.6705107092857361,
            "loss/test/RenderedSST2": 0.7809182405471802,
            "normalized_acc/test/RenderedSST2": 0.987864077091217
        }
    ],
    "avg": [
        {
            "acc/test/avg": 0.7555227607488633,
            "normalized_acc/test/avg": 0.8429859131574631
        }
    ]
}