{
    "ViT-B-32": {
        "Cars": 0.7981594204902649,
        "DTD": 0.7819148898124695,
        "EuroSAT": 0.9925925731658936,
        "GTSRB": 0.989311158657074,
        "MNIST": 0.9944999814033508,
        "RESISC45": 0.9530158638954163,
        "SUN397": 0.748765766620636,
        "SVHN": 0.9666564464569092,
        "CIFAR100": 0.8695999979972839,
        "STL10": 0.9754999876022339,
        "Flowers102": 0.898682713508606,
        "OxfordIIITPet": 0.9269555807113647,
        "PCAM": 0.86260986328125,
        "FER2013": 0.7128726840019226,
        "EMNIST": 0.9944999814033508,
        "CIFAR10": 0.9753000140190125,
        "Food101": 0.8603564500808716,
        "FashionMNIST": 0.9416000247001648,
        "RenderedSST2": 0.6787479519844055,
        "KMNIST": 0.9812999963760376
    },
    "ViT-B-16": {
        "Cars": 0.8579778671264648,
        "DTD": 0.8287234306335449,
        "EuroSAT": 0.9907407164573669,
        "GTSRB": 0.9891527891159058,
        "MNIST": 0.9965000152587891,
        "RESISC45": 0.9666666388511658,
        "SUN397": 0.7885138392448425,
        "SVHN": 0.9748770594596863,
        "CIFAR100": 0.8927000164985657,
        "STL10": 0.9878749847412109,
        "Flowers102": 0.9422670602798462,
        "OxfordIIITPet": 0.9503952264785767,
        "PCAM": 0.887237548828125,
        "FER2013": 0.7372527122497559,
        "EMNIST": 0.9943000078201294,
        "CIFAR10": 0.9815999865531921,
        "Food101": 0.9089900851249695,
        "FashionMNIST": 0.9520000219345093,
        "RenderedSST2": 0.7715541124343872,
        "KMNIST": 0.9835000038146973
    },
    "ViT-L-14": {
        "Cars": 0.9268747568130493,
        "DTD": 0.8505319356918335,
        "EuroSAT": 0.9929629564285278,
        "GTSRB": 0.9934283494949341,
        "MNIST": 0.9962999820709229,
        "RESISC45": 0.9722222089767456,
        "SUN397": 0.8280604481697083,
        "SVHN": 0.978142261505127,
        "CIFAR100": 0.9247000217437744,
        "STL10": 0.9946249723434448,
        "Flowers102": 0.9840624332427979,
        "OxfordIIITPet": 0.9672935605049133,
        "PCAM": 0.901275634765625,
        "FER2013": 0.7704095840454102,
        "EMNIST": 0.9955999851226807,
        "CIFAR10": 0.9904999732971191,
        "Food101": 0.9420198202133179,
        "FashionMNIST": 0.9520000219345093,
        "RenderedSST2": 0.8544755578041077,
        "KMNIST": 0.9854999780654907
    }
}